Category	Term	Count	%	PValue	Genes	List Total	Pop Hits	Pop Total	Fold Enrichment	Bonferroni	Benjamini	FDR
KEGG_PATHWAY	hsa04141:Protein processing in endoplasmic reticulum	15	7.46268656716418	4.67728579356955E-08	PDIA3, BCAP31, XBP1, SEC13, EIF2AK1, RPN1, PDIA6, DNAJA1, SEC61G, CANX, STT3A, HYOU1, CALR, UGGT2, SEC63	94	169	6879	6.49534181039909	5.47240953097106E-06	5.47242437847638E-06	5.47242437847638E-06
KEGG_PATHWAY	hsa03060:Protein export	5	2.48756218905473	0.000227703159527	SPCS2, SEC61G, SEC11A, SEC11C, SEC63	94	23	6879	15.90888066605	0.026292475488421	0.013320634832341	0.013320634832341
KEGG_PATHWAY	hsa03013:RNA transport	8	3.98009950248756	0.008430523061382	SEC13, NUP205, EIF2S3, XPO1, SUMO1, STRAP, EIF3E, RGPD2	94	172	6879	3.40376051459673	0.628628558745062	0.328790399393915	0.328790399393915
KEGG_PATHWAY	hsa00563:Glycosylphosphatidylinositol(GPI)-anchor biosynthesis	3	1.49253731343284	0.044350099366267	PIGU, PIGP, PIGG	94	25	6879	8.78170212765957	0.995045933627859	1	1
KEGG_PATHWAY	hsa00240:Pyrimidine metabolism	5	2.48756218905473	0.047399207094494	NT5C3A, NME7, DPYD, CTPS2, POLR2H	94	101	6879	3.62281440910048	0.996591370300138	1	1
KEGG_PATHWAY	hsa04612:Antigen processing and presentation	4	1.99004975124378	0.083132995068099	PDIA3, CD74, CANX, CALR	94	76	6879	3.85162374020157	0.999961109612814	1	1
